object_id,time,x,y,z
FY1C_001,<Time tt=2461161.500800741>,5027.707246238922,1971.9352250923585,4729.284992308967
FY1C_001,<Time tt=2461161.5424674074>,-6865.862775859651,-1829.2675705552545,-1025.2301591440632
FY1C_001,<Time tt=2461161.584134074>,6400.032857099102,1059.9494033164028,-3108.2787019355733
FY1C_001,<Time tt=2461161.625800741>,-3738.692382513723,65.96327397512127,6115.213287222431
FY1C_001,<Time tt=2461161.6674674074>,-164.45445001027457,-1175.5378381736211,-7093.1280745586655
FY1C_001,<Time tt=2461161.709134074>,4053.937073246221,1893.9344102888858,5609.956768342911
FY1C_001,<Time tt=2461161.750800741>,-6515.865689118677,-1971.6842138914885,-2285.31069971917
FY1C_001,<Time tt=2461161.7924674074>,6799.1943773333705,1377.0053307324122,-1897.9517988659645
FY1C_001,<Time tt=2461161.834134074>,-4747.479566303135,-318.63487030034696,5361.952603243896
FY1C_001,<Time tt=2461161.875800741>,1106.8300224285326,-854.8372940605037,-7055.514711238996
FY1C_001,<Time tt=2461161.9174674074>,2946.1893595934357,1745.15807156139,6303.279409091929
FY1C_001,<Time tt=2461161.959134074>,-5948.013205253881,-2044.9728300042216,-3468.9632189374797
FY1C_001,<Time tt=2461162.000800741>,6970.58297820505,1650.4536656374542,-624.5898869166635
FY1C_001,<Time tt=2461162.0424674074>,-5594.842095153429,-699.4479010960456,4429.215748187084
FY1C_001,<Time tt=2461162.084134074>,2339.014823602939,-496.66557850165515,-6784.559288747752
FY1C_001,<Time tt=2461162.125800741>,1741.8705051674401,1529.720060910945,6786.160603608562
FY1C_001,<Time tt=2461162.1674674074>,-5182.114674889042,-2045.2728153860933,-4536.851437526169
FY1C_001,<Time tt=2461162.209134074>,6908.686322994542,1869.462233258645,669.4520710965904
FY1C_001,<Time tt=2461162.250800741>,-6252.510751580265,-1062.4464029787175,3348.184025464842
FY1C_001,<Time tt=2461162.2924674074>,3491.2350037937013,-113.28437750952797,-6289.244428854051
FY1C_001,<Time tt=2461162.334134074>,481.53922057618826,1254.235773770819,7042.5202990576
FY1C_001,<Time tt=2461162.375800741>,-4244.530344304662,-1971.337760462795,-5453.657521247574
FY1C_001,<Time tt=2461162.4174674074>,6615.862812160542,2024.9961153422632,1941.0617168747594
FY1C_001,<Time tt=2461162.459134074>,-6698.682133937309,-1394.0092351604162,2155.055510616796
FY1C_001,<Time tt=2461162.500800741>,4525.313196557147,281.92252233626726,-5585.884357762426
FY1C_001,<Time tt=2461162.5424674074>,-792.4524783272764,927.6188241126865,7063.806409516086
FY1C_001,<Time tt=2461162.584134074>,-3167.2093751469292,-1824.5985771458354,-6189.223665553225
FY1C_001,<Time tt=2461162.625800741>,6102.2678864331965,2110.1865818524516,3147.8369403084816
FY1C_001,<Time tt=2461162.6674674074>,-6918.78036643191,-1681.4421927783887,889.8172549801566
FY1C_001,<Time tt=2461162.709134074>,5406.993732834506,674.8995713580745,-4697.6290925026
FY1C_001,<Time tt=2461162.750800741>,-2037.3652046806603,560.7957227545064,6849.270431509982
FY1C_001,<Time tt=2461162.7924674074>,-1986.5643523710348,-1609.1302546745167,-6719.494224290565
FY1C_001,<Time tt=2461162.834134074>,5385.497915951576,2120.6216070529986,4249.532066354313
FY1C_001,<Time tt=2461162.875800741>,-6905.960369939243,-1913.4709910222557,-405.13119048576266
FY1C_001,<Time tt=2461162.9174674074>,6107.0710914767515,1051.405699834774,-3653.752954615648
FY1C_001,<Time tt=2461162.959134074>,-3211.48657178103,166.346576734655,6405.999091813206
FY1C_001,<Time tt=2461163.000800741>,-742.2302983215565,-1331.5274855323694,-7027.240158417057
FY1C_001,<Time tt=2461163.0424674074>,4489.968017918958,2054.545145277326,5209.423430330604
FY1C_001,<Time tt=2461163.084134074>,-6661.32563032544,-2080.685648285615,-1686.448276529821
FY1C_001,<Time tt=2461163.125800741>,6602.374975411533,1397.5223183248547,-2488.7362068334796
FY1C_001,<Time tt=2461163.1674674074>,-4275.516686594868,-241.91897793595686,5748.700256991719
FY1C_001,<Time tt=2461163.209134074>,524.2477001087897,-1000.696505274488,-7102.558337486341
FY1C_001,<Time tt=2461163.250800741>,3446.0539089882623,1912.9575702035095,5995.541792474907
FY1C_001,<Time tt=2461163.2924674074>,-6193.849083417245,-2175.915379701662,-2911.3521225221425
FY1C_001,<Time tt=2461163.334134074>,6876.572160973652,1700.165689857901,-1241.157552962344
FY1C_001,<Time tt=2461163.375800741>,-5193.886255511932,-649.4395741995147,4899.243443343043
FY1C_001,<Time tt=2461163.4174674074>,1770.7600042304962,-627.5712996232357,-6943.14503507238
FY1C_001,<Time tt=2461163.459134074>,2289.037590584405,1699.6148775445215,6581.729406576986
FY1C_001,<Time tt=2461163.500800741>,-5520.00352503492,-2194.5172061157655,-4039.0880912476955
FY1C_001,<Time tt=2461163.5424674074>,6920.7467539604595,1947.5835435982385,47.573191486317135
FY1C_001,<Time tt=2461163.584134074>,-5935.9658866561895,-1041.4199268948266,3885.95935769995
FY1C_001,<Time tt=2461163.625800741>,2955.9783090816495,-224.76242662505638,-6554.345842064918
FY1C_001,<Time tt=2461163.6674674074>,1057.9014825928666,1420.9286740244092,6948.491427827872
FY1C_001,<Time tt=2461163.709134074>,-4663.12502598711,-2134.5670306945854,-5032.301031277029
FY1C_001,<Time tt=2461163.750800741>,6733.726724684345,2129.81431652266,1334.6006962058796
FY1C_001,<Time tt=2461163.7924674074>,-6477.122279742879,-1403.3716143389913,2742.7102973417936
FY1C_001,<Time tt=2461163.834134074>,4040.672414161305,193.8531992879058,-5948.98436268726
FY1C_001,<Time tt=2461163.875800741>,-205.9839746805025,1085.772195146461,7083.622392861605
FY1C_001,<Time tt=2461163.9174674074>,-3652.546509358982,-1996.9480179058664,-5858.260536191029
FY1C_001,<Time tt=2461163.959134074>,6322.13556933032,2239.087755606332,2577.075859202277
FY1C_002,<Time tt=2461161.500800741>,6480.386530489692,-2661.832442220041,-2156.992305805734
FY1C_002,<Time tt=2461161.5424674074>,-5686.073648317995,2856.687355285452,4928.655065463465
FY1C_002,<Time tt=2461161.584134074>,4161.717783543239,-2399.310517873814,-5408.5944995959535
FY1C_002,<Time tt=2461161.625800741>,-2928.971572327852,2269.428043943759,7178.610590448688
FY1C_002,<Time tt=2461161.6674674074>,632.4647070856181,-1445.578500290183,-7081.122114852813
FY1C_002,<Time tt=2461161.709134074>,448.6432580263968,1209.658545446699,7907.833878704791
FY1C_002,<Time tt=2461161.750800741>,-3087.1759386535223,-81.88176638074637,-6710.355788604627
FY1C_002,<Time tt=2461161.7924674074>,3727.4390088723158,-102.54332308648773,6922.9493022714105
FY1C_002,<Time tt=2461161.834134074>,-5974.259242138402,1300.7862278763505,-4493.928221053309
FY1C_002,<Time tt=2461161.875800741>,6149.442704509942,-1381.5358293971012,4355.379390124833
FY1C_002,<Time tt=2461161.9174674074>,-7352.413626311565,2351.8658235942644,-1123.5289164713206
FY1C_002,<Time tt=2461161.959134074>,7047.774257351653,-2311.456398046625,718.5485306827194
FY1C_002,<Time tt=2461162.000800741>,-7005.636106324647,2851.055742475172,2521.0653984400005
FY1C_002,<Time tt=2461162.0424674074>,6057.083249382575,-2619.3907134344854,-3099.2494298489337
FY1C_002,<Time tt=2461162.084134074>,-5112.871082135091,2724.5870862759416,5614.686274993485
FY1C_002,<Time tt=2461162.125800741>,3342.507421914278,-2184.542542490952,-6024.0572349857775
FY1C_002,<Time tt=2461162.1674674074>,-2130.9818394741283,2024.4234624492667,7514.294005447332
FY1C_002,<Time tt=2461162.209134074>,-348.3903045357436,-1120.0035357098593,-7188.618556772352
FY1C_002,<Time tt=2461162.250800741>,1303.2438340270726,902.8253711603419,7816.64314484017
FY1C_002,<Time tt=2461162.2924674074>,-3950.4162032417976,257.784559031101,-6301.505755316531
FY1C_002,<Time tt=2461162.334134074>,4448.921989783273,-407.1101231543442,6402.390361820965
FY1C_002,<Time tt=2461162.375800741>,-6505.370791851207,1563.6359510834204,-3714.483629912578
FY1C_002,<Time tt=2461162.4174674074>,6550.388662426139,-1612.398108781842,3494.4995931105277
FY1C_002,<Time tt=2461162.459134074>,-7453.651525951972,2480.847763486472,-193.77643093354087
FY1C_002,<Time tt=2461162.500800741>,6989.284616512025,-2402.652907207565,-289.8653255289306
FY1C_002,<Time tt=2461162.5424674074>,-6688.467666273559,2828.511752213342,3380.366573223596
FY1C_002,<Time tt=2461162.584134074>,5515.35646431442,-2534.203231776769,-3983.1843028576877
FY1C_002,<Time tt=2461162.625800741>,-4467.384091169368,2564.826894271957,6222.86805718067
FY1C_002,<Time tt=2461162.6674674074>,2453.2990946590403,-1940.174526133594,-6520.12204090795
FY1C_002,<Time tt=2461162.709134074>,-1298.9480625452538,1764.4633191927205,7746.636186242903
FY1C_002,<Time tt=2461162.750800741>,-1326.7968259096142,-788.8824511367407,-7157.190344096694
FY1C_002,<Time tt=2461162.7924674074>,2146.10426215567,596.0144011190237,7613.2311590834115
FY1C_002,<Time tt=2461162.834134074>,-4746.464944217919,578.8278491469393,-5780.040285434867
FY1C_002,<Time tt=2461162.875800741>,5109.206467422746,-695.3926878837325,5781.650837092196
FY1C_002,<Time tt=2461162.9174674074>,-6932.730707330512,1792.4599214330467,-2875.8243275288974
FY1C_002,<Time tt=2461162.959134074>,6845.962872776335,-1811.460437577307,2571.861111244293
FY1C_002,<Time tt=2461163.000800741>,-7444.632860438893,2571.4235167198076,736.8916596856104
FY1C_002,<Time tt=2461163.0424674074>,6803.215074848617,-2451.965453372134,-1295.5043499326553
FY1C_002,<Time tt=2461163.084134074>,-6276.9336097488385,2771.8878884958244,4190.678728678308
FY1C_002,<Time tt=2461163.125800741>,4863.4985218851825,-2408.985571644935,-4790.155903787699
FY1C_002,<Time tt=2461163.1674674074>,-3758.0579138639373,2380.7938760101856,6745.407972987025
FY1C_002,<Time tt=2461163.209134074>,1511.6991908669922,-1672.177707012446,-6886.958329942037
FY1C_002,<Time tt=2461163.250800741>,-443.5569313947696,1493.2633624362468,7871.568975961763
FY1C_002,<Time tt=2461163.2924674074>,-2284.0785406408672,-458.77538416289127,-6989.878417885674
FY1C_002,<Time tt=2461163.334134074>,2964.8235806750763,293.04150787750535,7298.122749373534
FY1C_002,<Time tt=2461163.375800741>,-5462.845641836651,876.8819186295848,-5158.262847921812
FY1C_002,<Time tt=2461163.4174674074>,5695.648058813363,-963.7689867727877,5067.498981555067
FY1C_002,<Time tt=2461163.459134074>,-7252.01498219559,1986.0446147854343,-1993.114342737201
FY1C_002,<Time tt=2461163.500800741>,7026.926071534786,-1976.1243259116839,1601.678336193679
FY1C_002,<Time tt=2461163.5424674074>,-7327.473944099895,2624.903321833784,1654.8509743016045
FY1C_002,<Time tt=2461163.584134074>,6489.153525422236,-2459.344033934001,-2278.9136948597074
FY1C_002,<Time tt=2461163.625800741>,-5777.316559661819,2683.948302349993,4941.566896480659
FY1C_002,<Time tt=2461163.6674674074>,4112.86162657835,-2247.3833299123867,-5502.999260331635
FY1C_002,<Time tt=2461163.709134074>,-2993.952007591145,2175.9083112796084,7175.365379070753
FY1C_002,<Time tt=2461163.750800741>,536.5468372746201,-1386.858551145476,-7118.089289899962
FY1C_002,<Time tt=2461163.7924674074>,423.9473786010094,1214.4996700203324,7886.002561820113
FY1C_002,<Time tt=2461163.834134074>,-3202.675798520514,-135.73398361328435,-6692.721338148586
FY1C_002,<Time tt=2461163.875800741>,3746.6193733692635,-2.3601569830561275,6873.226416024057
FY1C_002,<Time tt=2461163.9174674074>,-6089.226063558175,1148.4838687727736,-4449.744536902018
FY1C_002,<Time tt=2461163.959134074>,6195.905488307272,-1208.8304171112986,4268.612451891742
FY1C_003,<Time tt=2461161.500800741>,6166.7263393084695,3741.8853224406453,1201.4047064483439
FY1C_003,<Time tt=2461161.5424674074>,-6220.068440819452,-3219.9350776091305,-4097.173404227665
FY1C_003,<Time tt=2461161.584134074>,5028.140110817331,2359.079253569926,4589.835891807139
FY1C_003,<Time tt=2461161.625800741>,-4508.7140971190665,-1638.5933972362445,-6590.544223856982
FY1C_003,<Time tt=2461161.6674674074>,2547.566287956181,341.4348490502727,6743.51167512912
FY1C_003,<Time tt=2461161.709134074>,-1957.6995718741714,254.18956542018336,-7848.019079620408
FY1C_003,<Time tt=2461161.750800741>,-609.8446598563341,-1776.1074287516924,7100.666518802625
FY1C_003,<Time tt=2461161.7924674074>,959.9496614008625,2102.7271070938373,-7603.495143637364
FY1C_003,<Time tt=2461161.834134074>,-3617.1845389104774,-3456.47971941223,5655.866806312365
FY1C_003,<Time tt=2461161.875800741>,3674.7368059862133,3530.80876259735,-5826.5102760504415
FY1C_003,<Time tt=2461161.9174674074>,-5782.9027688959195,-4337.506459452689,2877.4405470593906
FY1C_003,<Time tt=2461161.959134074>,5579.792734018175,4191.78925090322,-2784.3816626054904
FY1C_003,<Time tt=2461162.000800741>,-6707.876484445029,-4290.112493109104,-529.6481959682823
FY1C_003,<Time tt=2461162.0424674074>,6152.396300436081,3857.302683335524,910.9738251314556
FY1C_003,<Time tt=2461162.084134074>,-6293.737365386576,-3384.938874110823,-3837.0193279290966
FY1C_003,<Time tt=2461162.125800741>,5147.1418186813,2533.668310445925,4362.539916209365
FY1C_003,<Time tt=2461162.1674674074>,-4683.75383924033,-1832.114677527265,-6415.55698361717
FY1C_003,<Time tt=2461162.209134074>,2768.757658140132,529.1674514583134,6640.7606365174315
FY1C_003,<Time tt=2461162.250800741>,-2201.16208039318,68.27046946099172,-7790.957190859416
FY1C_003,<Time tt=2461162.2924674074>,-345.85471075044563,-1625.0508390608886,7147.892388439143
FY1C_003,<Time tt=2461162.334134074>,694.1232791773663,1959.869321399892,-7677.016924833035
FY1C_003,<Time tt=2461162.375800741>,-3376.721805905015,-3379.381630595974,5837.081091144609
FY1C_003,<Time tt=2461162.4174674074>,3440.390187482627,3460.701875020014,-6019.256394354322
FY1C_003,<Time tt=2461162.459134074>,-5619.835846384841,-4350.381102338556,3146.2936029666075
FY1C_003,<Time tt=2461162.500800741>,5430.081965350246,4212.037772013108,-3058.108119062622
FY1C_003,<Time tt=2461162.5424674074>,-6653.747949485324,-4387.842765117311,-233.06095586617116
FY1C_003,<Time tt=2461162.584134074>,6126.527685728674,3966.2270454699187,619.3831672279921
FY1C_003,<Time tt=2461162.625800741>,-6356.223440914258,-3546.26871059422,-3572.0916965366164
FY1C_003,<Time tt=2461162.6674674074>,5254.814590414823,2705.71970938648,4128.290672016939
FY1C_003,<Time tt=2461162.709134074>,-4849.231071948409,-2025.6534758985238,-6232.0047624431045
FY1C_003,<Time tt=2461162.750800741>,2981.958605020275,719.090485460609,6527.121998209917
FY1C_003,<Time tt=2461162.7924674074>,-2438.417730252607,-121.33486766574407,-7723.098369706291
FY1C_003,<Time tt=2461162.834134074>,-84.4895528350078,-1467.7464176380665,7183.3459398198775
FY1C_003,<Time tt=2461162.875800741>,429.8867296725554,1810.2676721619341,-7739.46297173893
FY1C_003,<Time tt=2461162.9174674074>,-3133.166209569766,-3293.7388127288336,6008.6359145180495
FY1C_003,<Time tt=2461162.959134074>,3202.447910820028,3381.9810906322637,-6202.856675822344
FY1C_003,<Time tt=2461163.000800741>,-5449.024864827067,-4354.531302422347,3409.653320579826
FY1C_003,<Time tt=2461163.0424674074>,5272.034324147723,4223.535069373294,-3326.808133902101
FY1C_003,<Time tt=2461163.084134074>,-6589.098651201568,-4478.534866623062,63.05698145585086
FY1C_003,<Time tt=2461163.125800741>,6089.332249431292,4068.3473046200133,327.11688484440776
FY1C_003,<Time tt=2461163.1674674074>,-6407.549948891396,-3703.5544187101073,-3302.7902935988404
FY1C_003,<Time tt=2461163.209134074>,5351.085457749832,2874.803056133746,3887.5210354067926
FY1C_003,<Time tt=2461163.250800741>,-5004.963869580406,-2218.8110040934216,-6040.189946103251
FY1C_003,<Time tt=2461163.2924674074>,3186.830400398645,910.7751784713518,6402.846768285665
FY1C_003,<Time tt=2461163.334134074>,-2669.1109118685945,-314.26863729842574,-7644.597991300691
FY1C_003,<Time tt=2461163.375800741>,173.75243996650457,-1304.5013805009537,7207.034662844977
FY1C_003,<Time tt=2461163.4174674074>,167.7132682153996,1654.1750132141146,-7790.808460847845
FY1C_003,<Time tt=2461163.459134074>,-2887.0382392732904,-3199.6659291134824,6170.315460499657
FY1C_003,<Time tt=2461163.500800741>,2961.417808315855,3294.7397633015303,-6377.093553992451
FY1C_003,<Time tt=2461163.5424674074>,-5270.893907493032,-4349.868650021229,3667.1535110558843
FY1C_003,<Time tt=2461163.584134074>,5106.081220014345,4226.179011235948,-3590.0939343404043
FY1C_003,<Time tt=2461163.625800741>,-6514.179761068955,-4561.932960870397,358.2791864890631
FY1C_003,<Time tt=2461163.6674674074>,6041.043486589363,4163.368524432953,34.65473292566505
FY1C_003,<Time tt=2461163.709134074>,-6447.761528259542,-3856.433726648868,-3029.518040166444
FY1C_003,<Time tt=2461163.750800741>,5435.90809959398,3040.4948011584797,3640.6706382942666
FY1C_003,<Time tt=2461163.7924674074>,-5150.791394148581,-2411.1886329258655,-5840.424022679611
FY1C_003,<Time tt=2461163.834134074>,3383.0575064027357,1103.78776531636,6268.201730144941
FY1C_003,<Time tt=2461163.875800741>,-2892.9036043870387,-510.16567961041164,-7555.625020790574
FY1C_003,<Time tt=2461163.9174674074>,428.3862649612486,-1135.637725183772,7218.985384443396
FY1C_003,<Time tt=2461163.959134074>,-91.93492568588171,1491.8580598504318,-7831.044907437413
FY1C_004,<Time tt=2461161.500800741>,-1503.9260787760845,-1802.501772622625,7636.450989396798
FY1C_004,<Time tt=2461161.5424674074>,4432.671980370842,2398.1674883645314,-5757.041376986718
FY1C_004,<Time tt=2461161.584134074>,-4042.8477977874754,-2360.8090348133414,6230.169609813455
FY1C_004,<Time tt=2461161.625800741>,6478.221848699131,2669.118124873663,-3565.6921890387302
FY1C_004,<Time tt=2461161.6674674074>,-5975.5964595829955,-2572.237197012914,3897.7237698895638
FY1C_004,<Time tt=2461161.709134074>,7584.173931325933,2555.797914045758,-851.3837731146766
FY1C_004,<Time tt=2461161.750800741>,-6940.472522825905,-2371.44871487579,939.1797416720558
FY1C_004,<Time tt=2461161.7924674074>,7661.952685885345,2096.6151728595028,1981.6401193023291
FY1C_004,<Time tt=2461161.834134074>,-6696.978243224204,-1759.1406327484506,-2178.1797524237204
FY1C_004,<Time tt=2461161.875800741>,6752.529429509922,1365.64483673923,4560.277693736631
FY1C_004,<Time tt=2461161.9174674074>,-5225.985305420892,-822.5354440982296,-4891.5042323710695
FY1C_004,<Time tt=2461161.959134074>,4997.9146467462715,460.14482613371945,6566.490060154895
FY1C_004,<Time tt=2461162.000800741>,-2778.674108581525,272.5329810311082,-6686.6478792386515
FY1C_004,<Time tt=2461162.0424674074>,2620.7330639384004,-507.5292861148076,7749.61687568161
FY1C_004,<Time tt=2461162.084134074>,179.67111146037627,1324.6891432958314,-7250.934147896099
FY1C_004,<Time tt=2461162.125800741>,-88.36887055523398,-1415.5489149694351,7938.175047069121
FY1C_004,<Time tt=2461162.1674674074>,3109.275587971514,2153.6298423100843,-6545.47075432335
FY1C_004,<Time tt=2461162.209134074>,-2780.9836438920584,-2138.796876355149,7058.598691291416
FY1C_004,<Time tt=2461162.250800741>,5536.49105851548,2639.5915320668687,-4770.923006752428
FY1C_004,<Time tt=2461162.2924674074>,-5068.780303807749,-2559.352712302418,5163.90096548326
FY1C_004,<Time tt=2461162.334134074>,7134.025656351763,2733.8427114338524,-2274.2920988608394
FY1C_004,<Time tt=2461162.375800741>,-6562.969840772963,-2585.0411793919284,2466.9715450202516
FY1C_004,<Time tt=2461162.4174674074>,7737.054232650848,2448.789442925085,543.8054786529908
FY1C_004,<Time tt=2461162.459134074>,-6948.063405942443,-2176.823536928762,-642.0585873554652
FY1C_004,<Time tt=2461162.500800741>,7323.23928698092,1841.39939919492,3292.488966899509
FY1C_004,<Time tt=2461162.5424674074>,-6083.445599549545,-1376.7985924268287,-3630.974176411134
FY1C_004,<Time tt=2461162.584134074>,5983.74704451983,998.5910805299128,5624.632178758583
FY1C_004,<Time tt=2461162.625800741>,-4086.53578687067,-317.0755416292731,-5939.5311968145725
FY1C_004,<Time tt=2461162.6674674074>,3899.460571183895,27.168443436416958,7253.400553852268
FY1C_004,<Time tt=2461162.709134074>,-1329.834648286806,807.7038175814511,-7140.626210461077
FY1C_004,<Time tt=2461162.750800741>,1325.7162276252127,-952.6854696800938,7963.603465848406
FY1C_004,<Time tt=2461162.7924674074>,1666.9000356081092,1795.7088254030643,-7059.581882327182
FY1C_004,<Time tt=2461162.834134074>,-1417.6201691546444,-1812.9480249665148,7627.023740632217
FY1C_004,<Time tt=2461162.875800741>,4386.586491665443,2489.852769499675,-5787.996562281334
FY1C_004,<Time tt=2461162.9174674074>,-3958.489370150616,-2425.836474519359,6227.102558822512
FY1C_004,<Time tt=2461162.959134074>,6426.6798761887285,2802.891572880891,-3610.9481584445402
FY1C_004,<Time tt=2461163.000800741>,-5899.733767285668,-2678.5294089588883,3892.398253707828
FY1C_004,<Time tt=2461163.0424674074>,7543.174375724635,2716.0399610158897,-909.3585140885302
FY1C_004,<Time tt=2461163.084134074>,-6875.832181977716,-2497.5210368404687,926.247627756642
FY1C_004,<Time tt=2461163.125800741>,7644.585565144579,2264.3752188707413,1917.7586182690363
FY1C_004,<Time tt=2461163.1674674074>,-6645.021047670752,-1879.481928215893,-2197.9174683455954
FY1C_004,<Time tt=2461163.209134074>,6765.74194278219,1520.7562509853622,4499.776973288077
FY1C_004,<Time tt=2461163.250800741>,-5190.472361380545,-913.3911323511953,-4912.82657454577
FY1C_004,<Time tt=2461163.2924674074>,5041.549281011944,583.5722729527732,6517.776223648434
FY1C_004,<Time tt=2461163.334134074>,-2765.9807545596623,228.28989570425443,-6705.757274451479
FY1C_004,<Time tt=2461163.375800741>,2688.499651355155,-431.2226465365014,7717.388124948711
FY1C_004,<Time tt=2461163.4174674074>,165.09846070967558,1335.4939151012704,-7269.934330314592
FY1C_004,<Time tt=2461163.459134074>,-6.535557740114738,-1395.745805610503,7921.833931858797
FY1C_004,<Time tt=2461163.500800741>,3070.1884030877322,2219.5217839655975,-6571.106050180138
FY1C_004,<Time tt=2461163.5424674074>,-2695.8039574251716,-2176.638494777373,7052.42334405791
FY1C_004,<Time tt=2461163.584134074>,5483.913662678443,2753.396276097775,-4809.414752018913
FY1C_004,<Time tt=2461163.625800741>,-4988.632629695184,-2646.360221597094,5159.318960651119
FY1C_004,<Time tt=2461163.6674674074>,7083.69916377446,2882.5223526768705,-2327.000130193479
FY1C_004,<Time tt=2461163.709134074>,-6492.349246241385,-2703.435760703623,2456.626893792717
FY1C_004,<Time tt=2461163.750800741>,7704.163357430919,2615.0064533201357,481.38128637691085
FY1C_004,<Time tt=2461163.7924674074>,-6888.801709822774,-2302.4211057893117,-660.2795706425212
FY1C_004,<Time tt=2461163.834134074>,7318.172987054347,2005.4254373142471,3228.8060159905117
FY1C_004,<Time tt=2461163.875800741>,-6038.2390425907915,-1484.306044710332,-3653.2644999886306
FY1C_004,<Time tt=2461163.9174674074>,6010.031137019435,1140.5309301108914,5568.878733315375
FY1C_004,<Time tt=2461163.959134074>,-4061.2315928599046,-385.7585058408406,-5960.567997455481
FY1C_005,<Time tt=2461161.500800741>,1325.4458776346826,-7592.794373584833,-1159.5094914784977
FY1C_005,<Time tt=2461161.5424674074>,-1466.8133917319578,7370.36696218271,2189.380729025186
FY1C_005,<Time tt=2461161.584134074>,993.3617044372442,-7818.767916529089,1111.9757435065433
FY1C_005,<Time tt=2461161.625800741>,-1124.5735078500609,7575.595666949826,-123.78641066844047
FY1C_005,<Time tt=2461161.6674674074>,577.4197984846342,-7388.461770957871,3290.7504644859837
FY1C_005,<Time tt=2461161.709134074>,-676.2288714809953,7067.859324199398,-2423.902760755787
FY1C_005,<Time tt=2461161.750800741>,113.84104144012852,-6371.937918863286,5208.187766785746
FY1C_005,<Time tt=2461161.7924674074>,-158.49485739479096,5853.766045069843,-4479.384285544342
FY1C_005,<Time tt=2461161.834134074>,-361.3180113831502,-4872.608266687996,6729.913722917916
FY1C_005,<Time tt=2461161.875800741>,379.0795633013064,4025.130312027716,-6061.134719209103
FY1C_005,<Time tt=2461161.9174674074>,-813.7841963337999,-3016.0938985981034,7756.319492892358
FY1C_005,<Time tt=2461161.959134074>,879.8139990390442,1760.0803376456288,-6981.183726428664
FY1C_005,<Time tt=2461162.000800741>,-1211.9495266939302,-942.6202033502731,8221.475247583156
FY1C_005,<Time tt=2461162.0424674074>,1288.904206177881,-697.8200163325223,-7130.425495360894
FY1C_005,<Time tt=2461162.084134074>,-1527.4508100120051,1197.9890567044042,8092.364925660366
FY1C_005,<Time tt=2461162.125800741>,1563.0458708399713,-3079.594405884115,-6500.797410113968
FY1C_005,<Time tt=2461162.1674674074>,-1735.8112044110044,3250.050946851784,7369.49449363673
FY1C_005,<Time tt=2461162.209134074>,1677.2608427490236,-5136.9558865311665,-5182.909621331717
FY1C_005,<Time tt=2461162.250800741>,-1817.4388985188837,5056.005652033187,6089.2586650631165
FY1C_005,<Time tt=2461162.2924674074>,1626.8821425342537,-6678.779840666913,-3341.7579803355993
FY1C_005,<Time tt=2461162.334134074>,-1759.2102932004207,6462.3136032331495,4327.7946308289565
FY1C_005,<Time tt=2461162.375800741>,1425.045813494842,-7588.7933935079855,-1182.1026836986673
FY1C_005,<Time tt=2461162.4174674074>,-1556.7468191142639,7329.036598444279,2205.1439258273135
FY1C_005,<Time tt=2461162.459134074>,1097.7012037672268,-7825.119142472071,1083.9921165917933
FY1C_005,<Time tt=2461162.500800741>,-1217.2357081458078,7544.546144101799,-112.79899863996118
FY1C_005,<Time tt=2461162.5424674074>,678.3113476440424,-7408.552726716222,3260.248545713822
FY1C_005,<Time tt=2461162.584134074>,-762.161645962878,7045.367607724387,-2418.643064613766
FY1C_005,<Time tt=2461162.625800741>,203.57427234027065,-6407.153026072607,5178.874688915061
FY1C_005,<Time tt=2461162.6674674074>,-228.6672492066129,5837.980944725294,-4478.966475208442
FY1C_005,<Time tt=2461162.709134074>,-289.4610534984846,-4922.151771146974,6705.485121269017
FY1C_005,<Time tt=2461162.750800741>,332.1487923090278,4015.008940655268,-6063.536021062736
FY1C_005,<Time tt=2461162.7924674074>,-765.1023929526746,-3077.2222523086098,7739.705824049788
FY1C_005,<Time tt=2461162.834134074>,861.1403521342196,1755.671670963839,-6984.578812118753
FY1C_005,<Time tt=2461162.875800741>,-1189.9771955812826,-1011.1561652543837,8214.295543463504
FY1C_005,<Time tt=2461162.9174674074>,1300.5410699139838,-696.0492103855375,-7134.413951837792
FY1C_005,<Time tt=2461162.959134074>,-1533.6863420825575,1126.9743498954135,8094.637853543593
FY1C_005,<Time tt=2461163.000800741>,1604.0558216815587,-3072.0078519254935,-6506.726643260707
FY1C_005,<Time tt=2461163.0424674074>,-1769.5229216288226,3181.4806407179053,7379.629883062208
FY1C_005,<Time tt=2461163.084134074>,1744.0497981456424,-5125.719270354557,-5193.097325614738
FY1C_005,<Time tt=2461163.125800741>,-1875.5693268364564,4994.053384554921,6104.344704733128
FY1C_005,<Time tt=2461163.1674674074>,1713.7455453839066,-6667.917518352563,-3358.1613535475444
FY1C_005,<Time tt=2461163.209134074>,-1836.423225425126,6409.782842942427,4344.181544473911
FY1C_005,<Time tt=2461163.250800741>,1524.811697004407,-7583.342863270807,-1205.224715258647
FY1C_005,<Time tt=2461163.2924674074>,-1645.6828677825652,7287.009033315078,2219.275757158093
FY1C_005,<Time tt=2461163.334134074>,1202.3990608313877,-7829.8834294550215,1055.4925645912767
FY1C_005,<Time tt=2461163.375800741>,-1309.0460283875507,7512.461559862018,-103.45999710568131
FY1C_005,<Time tt=2461163.4174674074>,779.8184735513788,-7426.993203763241,3229.249872382729
FY1C_005,<Time tt=2461163.459134074>,-847.351704656649,7021.625378183641,-2414.906204406875
FY1C_005,<Time tt=2461163.500800741>,294.2046562913979,-6440.725119507102,5149.066886018948
FY1C_005,<Time tt=2461163.5424674074>,-298.1851367959138,5820.925875237058,-4479.815333944607
FY1C_005,<Time tt=2461163.584134074>,-216.44452262606987,-4970.133121824699,6680.528963167726
FY1C_005,<Time tt=2461163.625800741>,285.7767038751466,4003.8370621548925,-6066.8863598630505
FY1C_005,<Time tt=2461163.6674674074>,-715.0560249232038,-3136.944002565597,7722.487383159627
FY1C_005,<Time tt=2461163.709134074>,842.9010200611366,1750.6444933344906,-6988.6442739266595
FY1C_005,<Time tt=2461163.750800741>,-1166.5194655839618,-1078.5127484985446,8206.387114826484
FY1C_005,<Time tt=2461163.7924674074>,1312.4636057494174,-694.3498872677267,-7138.907632991236
FY1C_005,<Time tt=2461163.834134074>,-1538.4109424429985,1056.8476097316586,8096.015054791096
FY1C_005,<Time tt=2461163.875800741>,1645.2094153173016,-3063.9517875495603,-6513.116232802801
FY1C_005,<Time tt=2461163.9174674074>,-1801.787385752911,3113.4534024376176,7388.66986628009
FY1C_005,<Time tt=2461163.959134074>,1810.8900333431595,-5113.563819528431,-5203.770283065427
FY1C_006,<Time tt=2461161.500800741>,1339.173695716815,4232.040343004124,-6532.168808085333
FY1C_006,<Time tt=2461161.5424674074>,-900.6222197048488,-3585.986665503802,6680.789507593389
FY1C_006,<Time tt=2461161.584134074>,2636.290321215632,5800.025665571597,-4944.603307442701
FY1C_006,<Time tt=2461161.625800741>,-2242.454323205066,-5164.122159530242,4901.581544453239
FY1C_006,<Time tt=2461161.6674674074>,3655.8069461790014,6765.642614038733,-2838.384642587536
FY1C_006,<Time tt=2461161.709134074>,-3285.858675275629,-6065.867011527384,2479.825755924573
FY1C_006,<Time tt=2461161.750800741>,4309.991377678979,7059.444556212533,-447.95477719523643
FY1C_006,<Time tt=2461161.7924674074>,-3871.926233240481,-6128.038532867273,-284.4476397976235
FY1C_006,<Time tt=2461161.834134074>,4547.951019582894,6672.199378707841,1986.3181557150535
FY1C_006,<Time tt=2461161.875800741>,-3904.8422383152983,-5314.348472417071,-3007.0442563676093
FY1C_006,<Time tt=2461161.9174674074>,4353.329101130346,5647.937845707447,4230.613332091459
FY1C_006,<Time tt=2461161.959134074>,-3380.8918194776757,-3738.263432648353,-5298.415597106895
FY1C_006,<Time tt=2461162.000800741>,3742.9451592679657,4079.5351938657286,6066.735169612965
FY1C_006,<Time tt=2461162.0424674074>,-2389.507322170755,-1638.1779091301173,-6851.330131802625
FY1C_006,<Time tt=2461162.084134074>,2767.0161514863207,2106.700714151423,7301.476671224382
FY1C_006,<Time tt=2461162.125800741>,-1085.847198888905,683.5943560567143,-7496.865543369903
FY1C_006,<Time tt=2461162.1674674074>,1510.5836055126445,-85.25597182206964,7779.53933284335
FY1C_006,<Time tt=2461162.209134074>,348.53779923219116,2926.320813054083,-7211.98660490815
FY1C_006,<Time tt=2461162.250800741>,94.61676271205476,-2269.1771147761892,7402.517451533728
FY1C_006,<Time tt=2461162.2924674074>,1739.2345915262772,4836.441543296962,-6092.030471824897
FY1C_006,<Time tt=2461162.334134074>,-1326.3115358073874,-4187.600917973208,6154.437997357908
FY1C_006,<Time tt=2461162.375800741>,2939.1295774675286,6228.170388377853,-4311.341783808079
FY1C_006,<Time tt=2461162.4174674074>,-2574.5550482004624,-5578.656438599755,4129.552200467016
FY1C_006,<Time tt=2461162.459134074>,3836.6605874464676,6986.303723264177,-2088.0656770324404
FY1C_006,<Time tt=2461162.500800741>,-3472.9091940878116,-6220.323932964095,1549.890246390311
FY1C_006,<Time tt=2461162.5424674074>,4356.923902749381,7060.593895419304,341.2500607311803
FY1C_006,<Time tt=2461162.584134074>,-3880.885132239125,-5986.583900558689,-1247.0345241117197
FY1C_006,<Time tt=2461162.625800741>,4459.952401221341,6458.362448477097,2738.0630875634656
FY1C_006,<Time tt=2461162.6674674074>,-3732.6097112028433,-4892.786801063647,-3864.0972089799657
FY1C_006,<Time tt=2461162.709134074>,4138.920949461459,5238.763654269459,4872.587173053485
FY1C_006,<Time tt=2461162.750800741>,-3056.879385391768,-3101.8690796809983,-5931.805181396557
FY1C_006,<Time tt=2461162.7924674074>,3419.620760651147,3509.6965350826035,6532.659161970004
FY1C_006,<Time tt=2461162.834134074>,-1967.0229369943804,-883.0311097866178,-7188.230842355055
FY1C_006,<Time tt=2461162.875800741>,2361.4671448452027,1426.678494727845,7534.2583998939745
FY1C_006,<Time tt=2461162.9174674074>,-627.5649504223105,1454.885370094022,-7517.021993172108
FY1C_006,<Time tt=2461162.959134074>,1059.2985968426528,-808.5436299075396,7736.760394120772
FY1C_006,<Time tt=2461163.000800741>,783.624499849333,3623.331220552531,-6939.547661320471
FY1C_006,<Time tt=2461163.0424674074>,-356.07232289073465,-2953.727251739533,7064.935999656824
FY1C_006,<Time tt=2461163.084134074>,2103.5333796680516,5390.1216501561175,-5580.991526976763
FY1C_006,<Time tt=2461163.125800741>,-1722.314255634638,-4742.294218286849,5536.803549286364
FY1C_006,<Time tt=2461163.1674674074>,3199.065355459294,6592.544684076634,-3631.9135993122527
FY1C_006,<Time tt=2461163.209134074>,-2860.179417343261,-5916.369214665417,3290.192645183684
FY1C_006,<Time tt=2461163.250800741>,3972.1668100335983,7136.412139202513,-1316.9916408208594
FY1C_006,<Time tt=2461163.2924674074>,-3601.952258248878,-6277.893533433043,592.0119048449619
FY1C_006,<Time tt=2461163.334134074>,4359.727229794623,6989.5956117620135,1126.4415470397241
FY1C_006,<Time tt=2461163.375800741>,-3829.9864254630397,-5745.145611551122,-2189.6522474871263
FY1C_006,<Time tt=2461163.4174674074>,4331.896151238845,6175.393664492745,3462.1549648498917
FY1C_006,<Time tt=2461163.459134074>,-3510.1207313751497,-4387.0162005434695,-4656.547462574768
FY1C_006,<Time tt=2461163.500800741>,3890.9460418458348,4768.122108306951,5464.658087534527
FY1C_006,<Time tt=2461163.5424674074>,-2701.1832677056036,-2410.900648153589,-6470.082642145316
FY1C_006,<Time tt=2461163.584134074>,3071.5840416447045,2891.2558346251444,6928.4087344918025
FY1C_006,<Time tt=2461163.625800741>,-1535.0914435741247,-108.08558331410003,-7418.240831810187
FY1C_006,<Time tt=2461163.6674674074>,1942.6328076426546,716.8826788594151,7679.990680191779
FY1C_006,<Time tt=2461163.709134074>,-180.57008409004735,2213.7059525818236,-7435.267370469182
FY1C_006,<Time tt=2461163.750800741>,608.932087370882,-1536.431326949916,7596.09696243031
FY1C_006,<Time tt=2461163.7924674074>,1191.3172954309387,4282.269784508198,-6581.656855481859
FY1C_006,<Time tt=2461163.834134074>,-789.1607230709617,-3612.3205114078078,6628.576380246037
FY1C_006,<Time tt=2461163.875800741>,2429.9194365323588,5887.811544629877,-5007.108827500379
FY1C_006,<Time tt=2461163.9174674074>,-2083.0678654096223,-5238.575308844161,4833.726624291934
FY1C_006,<Time tt=2461163.959134074>,3415.737971039101,6889.989801752466,-2914.5809368111904
FY1C_007,<Time tt=2461161.500800741>,1239.5843368454007,72.60911600194572,-7562.472743331327
FY1C_007,<Time tt=2461161.5424674074>,-1015.0082790092309,3627.4375952913024,7192.731404087306
FY1C_007,<Time tt=2461161.584134074>,1035.2045789709575,-2418.1465932485357,-6979.647889409623
FY1C_007,<Time tt=2461161.625800741>,-738.0630369222134,5649.716362215128,6006.205264834187
FY1C_007,<Time tt=2461161.6674674074>,716.2013199825132,-4626.187763461061,-5585.582710003055
FY1C_007,<Time tt=2461161.709134074>,-402.1047558397808,7191.161012343114,4305.593383248106
FY1C_007,<Time tt=2461161.750800741>,312.68249413704496,-6257.229318071924,-3496.090924782053
FY1C_007,<Time tt=2461161.7924674074>,-35.93975081005764,8143.482255340494,2250.5903458175176
FY1C_007,<Time tt=2461161.834134074>,-128.69932839983514,-7071.193593521301,-950.1498156705894
FY1C_007,<Time tt=2461161.875800741>,331.7062170693983,8441.331415702478,13.9880446668457
FY1C_007,<Time tt=2461161.9174674074>,-552.2077379257153,-6946.585910534878,1722.3508644853587
FY1C_007,<Time tt=2461161.959134074>,672.7175741854351,8060.203687478589,-2223.624098278045
FY1C_007,<Time tt=2461162.000800741>,-905.1314207746352,-5915.5500118230775,4170.908618338154
FY1C_007,<Time tt=2461162.0424674074>,959.9894455422722,7017.121313531045,-4277.645855322256
FY1C_007,<Time tt=2461162.084134074>,-1148.9145469972195,-4148.16632123293,6101.637713530821
FY1C_007,<Time tt=2461162.125800741>,1168.080036487837,5374.384500533177,-5964.149267596241
FY1C_007,<Time tt=2461162.1674674074>,-1264.2870511652814,-1898.341529705599,7325.432029953292
FY1C_007,<Time tt=2461162.209134074>,1274.4962172482954,3245.749485592355,-7108.0848718189745
FY1C_007,<Time tt=2461162.250800741>,-1249.984819005453,556.4974881270008,7765.8378509527465
FY1C_007,<Time tt=2461162.2924674074>,1261.985954472765,802.8971214190097,-7557.861823820969
FY1C_007,<Time tt=2461162.334134074>,-1118.077862733468,2958.6635373421013,7440.083546187605
FY1C_007,<Time tt=2461162.375800741>,1122.0618020196287,-1722.450431507045,-7208.611185628916
FY1C_007,<Time tt=2461162.4174674074>,-888.9636131534944,5091.912547391751,6431.961881215412
FY1C_007,<Time tt=2461162.459134074>,859.4546186979585,-4048.596749983856,-6033.567322336227
FY1C_007,<Time tt=2461162.500800741>,-587.536135624676,6787.773413924774,4868.070126421864
FY1C_007,<Time tt=2461162.5424674074>,496.0953473897483,-5875.323962798429,-4116.056224840822
FY1C_007,<Time tt=2461162.584134074>,-240.77532412283318,7924.250020068459,2901.0837913338632
FY1C_007,<Time tt=2461162.625800741>,71.89282042820771,-6939.940648698617,-1664.842692503398
FY1C_007,<Time tt=2461162.6674674074>,123.56141244163396,8422.441639422095,699.4713071824617
FY1C_007,<Time tt=2461162.709134074>,-360.45144524199355,-7083.946225921336,1007.6775533099096
FY1C_007,<Time tt=2461162.750800741>,477.58578008012216,8244.218060346733,-1558.4209456024441
FY1C_007,<Time tt=2461162.7924674074>,-746.3601171501339,-6298.275476403929,3548.7627882305746
FY1C_007,<Time tt=2461162.834134074>,793.6760025762486,7392.468092651014,-3688.2501914781024
FY1C_007,<Time tt=2461162.875800741>,-1041.3404079449947,-4720.0400199125115,5644.49123286493
FY1C_007,<Time tt=2461162.9174674074>,1045.0052690086343,5914.441906754371,-5503.905414575651
FY1C_007,<Time tt=2461162.959134074>,-1218.2929954226286,-2585.2607554707474,7076.808686191593
FY1C_007,<Time tt=2461163.000800741>,1206.5895642265002,3907.825807898603,-6824.669213875755
FY1C_007,<Time tt=2461163.0424674074>,-1268.2860899538912,-167.81798127295988,7740.44128874053
FY1C_007,<Time tt=2461163.084134074>,1257.2651040847197,1527.8468510728947,-7488.1967456671355
FY1C_007,<Time tt=2461163.125800741>,-1197.0045882798545,2268.47582219299,7628.918199366067
FY1C_007,<Time tt=2461163.1674674074>,1182.9333999779517,-1008.6061214266099,-7371.952558682759
FY1C_007,<Time tt=2461163.209134074>,-1020.0223775551157,4496.258769941913,6808.584739648264
FY1C_007,<Time tt=2461163.250800741>,981.0270920031755,-3429.078694131354,-6423.548328529194
FY1C_007,<Time tt=2461163.2924674074>,-758.8150297747922,6334.0314973871755,5393.9827514637545
FY1C_007,<Time tt=2461163.334134074>,665.1912527162696,-5431.321764895772,-4694.389422544887
FY1C_007,<Time tt=2461163.375800741>,-438.0730227627891,7646.367626300641,3529.7563066054663
FY1C_007,<Time tt=2461163.4174674074>,267.7491758492882,-6734.388748514575,-2361.348536597153
FY1C_007,<Time tt=2461163.459134074>,-84.1559461918125,8340.985507641037,1379.2054054340185
FY1C_007,<Time tt=2461163.500800741>,-163.15980123126099,-7145.71952191164,284.81863863254864
FY1C_007,<Time tt=2461163.5424674074>,275.6941851261775,8366.28546465224,-882.3416061206027
FY1C_007,<Time tt=2461163.584134074>,-572.8205924562017,-6614.968217138379,2894.2761144133888
FY1C_007,<Time tt=2461163.625800741>,613.7753585498218,7711.190298581199,-3071.6136128550534
FY1C_007,<Time tt=2461163.6674674074>,-912.110999573696,-5243.400759896808,5136.995586664259
FY1C_007,<Time tt=2461163.709134074>,902.3580209848492,6408.045407218714,-5001.287258476588
FY1C_007,<Time tt=2461163.750800741>,-1146.6904643226826,-3245.2041734451836,6767.5728117036515
FY1C_007,<Time tt=2461163.7924674074>,1114.5156714214502,4538.477741718035,-6486.222294016157
FY1C_007,<Time tt=2461163.834134074>,-1259.9368683770463,-887.2901599186023,7651.597646330553
FY1C_007,<Time tt=2461163.875800741>,1225.7850560500433,2240.9091680416145,-7354.9222787455465
FY1C_007,<Time tt=2461163.9174674074>,-1250.7860223433258,1562.7066561235886,7757.65911055294
FY1C_007,<Time tt=2461163.959134074>,1217.0784721799118,-283.6864536608844,-7469.096335185771
FY1C_008,<Time tt=2461161.500800741>,3318.685514232375,-4812.872708414613,-4552.557679550392
FY1C_008,<Time tt=2461161.5424674074>,-3497.191402111775,4467.1855136324975,6561.618608183136
FY1C_008,<Time tt=2461161.584134074>,3396.296616518314,-5040.664734012256,-4279.175685992571
FY1C_008,<Time tt=2461161.625800741>,-3574.0085379881634,4672.700129375706,6350.316786119257
FY1C_008,<Time tt=2461161.6674674074>,3466.8036377418584,-5257.036866392334,-3996.3700549773444
FY1C_008,<Time tt=2461161.709134074>,-3646.3546424575184,4871.712737235218,6130.177037682622
FY1C_008,<Time tt=2461161.750800741>,3530.1057984526947,-5461.641822968102,-3704.870220202748
FY1C_008,<Time tt=2461161.7924674074>,-3714.0807141692208,5063.913578785247,5901.43566637085
FY1C_008,<Time tt=2461161.834134074>,3586.1238589242193,-5654.173279666593,-3405.4146831107482
FY1C_008,<Time tt=2461161.875800741>,-3777.0394454301018,5248.9950347904405,5664.341292155975
FY1C_008,<Time tt=2461161.9174674074>,3634.799611520263,-5834.365535664503,-3098.7476130354817
FY1C_008,<Time tt=2461161.959134074>,-3835.08542577424,5426.651851058953,5419.155233724046
FY1C_008,<Time tt=2461162.000800741>,3676.095263006493,-6001.992923538217,-2785.615608762942
FY1C_008,<Time tt=2461162.0424674074>,-3888.0753693455604,5596.581401502058,5166.151901794321
FY1C_008,<Time tt=2461162.084134074>,3709.9927215747084,-6156.868989507324,-2466.764643661464
FY1C_008,<Time tt=2461162.125800741>,-3935.868367417896,5758.483991012279,4905.619201060029
FY1C_008,<Time tt=2461162.1674674074>,3736.492803507254,-6298.845469776038,-2142.93721197861
FY1C_008,<Time tt=2461162.209134074>,-3978.3261673718566,5912.063200834085,4637.858937957818
FY1C_008,<Time tt=2461162.250800741>,3755.6143742732024,-6427.811089679505,-1814.8696893922504
FY1C_008,<Time tt=2461162.2924674074>,-4015.3134794239777,6057.026279144291,4363.1872311042625
FY1C_008,<Time tt=2461162.334134074>,3767.3934384270487,-6543.69021244808,-1483.2899166137581
FY1C_008,<Time tt=2461162.375800741>,-4046.6983123840732,6193.08457955928,4081.934920844971
FY1C_008,<Time tt=2461162.4174674074>,3771.882192028823,-6646.441363983647,-1148.9150108427862
FY1C_008,<Time tt=2461162.459134074>,-4072.352339643743,6319.954050292219,3794.447973918884
FY1C_008,<Time tt=2461162.500800741>,3769.148050474054,-6736.0556591783015,-812.4494061952191
FY1C_008,<Time tt=2461162.5424674074>,-4092.1512965344805,6437.355776626412,3501.0878787717097
FY1C_008,<Time tt=2461162.584134074>,3759.27266363098,-6812.555154063779,-474.58312097185365
FY1C_008,<Time tt=2461162.625800741>,-4105.9754100736545,6545.016579296655,3202.232026545124
FY1C_008,<Time tt=2461162.6674674074>,3742.350929111798,-6875.991146538557,-135.99024677342769
FY1C_008,<Time tt=2461162.709134074>,-4113.709861988076,6642.669671230488,2898.274072236252
FY1C_008,<Time tt=2461162.750800741>,3718.4900133409114,-6926.4424466659375,202.67234793796158
FY1C_008,<Time tt=2461162.7924674074>,-4115.245285715253,6730.05537493118,2589.6242699427007
FY1C_008,<Time tt=2461162.834134074>,3687.8083889253294,-6964.013635617639,540.7661092307459
FY1C_008,<Time tt=2461162.875800741>,-4110.478297878973,6806.921902524105,2276.7097755263994
FY1C_008,<Time tt=2461162.9174674074>,3650.434895649959,-6988.8333303433965,877.6716950201015
FY1C_008,<Time tt=2461162.959134074>,-4099.312064456543,6873.026200183728,1959.9749094166475
FY1C_008,<Time tt=2461163.000800741>,3606.507831273435,-7001.052469019788,1212.789690469785
FY1C_008,<Time tt=2461163.0424674074>,-4081.656901562844,6928.134858250503,1639.8813716477096
FY1C_008,<Time tt=2461163.084134074>,3556.174077218004,-7000.84263031416,1545.5411544688668
FY1C_008,<Time tt=2461163.125800741>,-4057.430910387269,6972.025087875773,1316.908400602471
FY1C_008,<Time tt=2461163.1674674074>,3499.588263199927,-6988.39439755648,1875.3680106818233
FY1C_008,<Time tt=2461163.209134074>,-4026.560645412613,7004.485764439176,991.5528663302205
FY1C_008,<Time tt=2461163.250800741>,3436.911973907556,-6963.9157770414295,2201.7332969054446
FY1C_008,<Time tt=2461163.2924674074>,-3988.9818145511663,7025.318537303347,664.3292887083579
FY1C_008,<Time tt=2461163.334134074>,3368.3129999534444,-6927.630677942909,2524.121286429267
FY1C_008,<Time tt=2461163.375800741>,-3944.6400092839453,7034.339004669338,335.76977018433496
FY1C_008,<Time tt=2461163.4174674074>,3293.9646345596825,-6879.777459699486,2842.0374948895087
FY1C_008,<Time tt=2461163.459134074>,-3893.491462278236,7031.3779513763075,6.423832347196283
FY1C_008,<Time tt=2461163.500800741>,3214.0450167287077,-6820.607551264298,3155.008585706315
FY1C_008,<Time tt=2461163.5424674074>,-3835.5038292794693,7016.282646447479,-323.14185481231385
FY1C_008,<Time tt=2461163.584134074>,3128.7365210658763,-6750.38414527955,3462.582186670768
FY1C_008,<Time tt=2461163.625800741>,-3770.6569913237795,6988.918196021719,-652.3438623835178
FY1C_008,<Time tt=2461163.6674674074>,3038.2251938892427,-6669.3809690659555,3764.326629621779
FY1C_008,<Time tt=2461163.709134074>,-3698.9438725296322,6949.16894601161,-980.5825223337072
FY1C_008,<Time tt=2461163.750800741>,2942.700234841584,-6577.881133279257,4059.830624454236
FY1C_008,<Time tt=2461163.7924674074>,-3620.371267862273,6896.939927426004,-1307.2425891723688
FY1C_008,<Time tt=2461163.834134074>,2842.353522844126,-6476.176058203578,4348.7028779504735
FY1C_008,<Time tt=2461163.875800741>,-3534.9606743673685,6832.158335773989,-1631.6940548167215
FY1C_008,<Time tt=2461163.9174674074>,2737.379184951995,-6364.564476887364,4630.571667155229
FY1C_008,<Time tt=2461163.959134074>,-3442.749118455534,6754.775034346446,-1953.2931275344367
FY1C_009,<Time tt=2461161.500800741>,-5367.772583357784,4798.844948492948,-1802.6396503204946
FY1C_009,<Time tt=2461161.5424674074>,6749.856507321785,-5563.771639897499,24.422344254306605
FY1C_009,<Time tt=2461161.584134074>,-5362.8089209437685,4794.315013975582,-1847.3505534839526
FY1C_009,<Time tt=2461161.625800741>,6749.853673604976,-5558.449969697253,55.73883245781152
FY1C_009,<Time tt=2461161.6674674074>,-5357.673259234771,4789.647802339907,-1891.9897414664931
FY1C_009,<Time tt=2461161.709134074>,6749.72669598815,-5553.041549393467,87.08318285367048
FY1C_009,<Time tt=2461161.750800741>,-5352.365912258664,4784.84415085909,-1936.5556751624963
FY1C_009,<Time tt=2461161.7924674074>,6749.475054987257,-5547.546489784646,118.45505580927401
FY1C_009,<Time tt=2461161.834134074>,-5346.887204770394,4779.904903820212,-1981.0468273167755
FY1C_009,<Time tt=2461161.875800741>,6749.098229741154,-5541.964901658739,149.85410807762625
FY1C_009,<Time tt=2461161.9174674074>,-5341.237472111853,4774.830912351779,-2025.461682636336
FY1C_009,<Time tt=2461161.959134074>,6748.595698024887,-5536.296895800269,181.27999275017126
FY1C_009,<Time tt=2461162.000800741>,-5335.417060070888,4769.623034251102,-2069.7987378971334
FY1C_009,<Time tt=2461162.0424674074>,6747.9669362606555,-5530.542583002252,212.7323592026456
FY1C_009,<Time tt=2461162.084134074>,-5329.426324740427,4764.282133810232,-2114.0565020476024
FY1C_009,<Time tt=2461162.125800741>,6747.211419529116,-5524.702074077026,244.21085305096406
FY1C_009,<Time tt=2461162.1674674074>,-5323.265632375452,4758.809081643496,-2158.233496306855
FY1C_009,<Time tt=2461162.209134074>,6746.328621584505,-5518.775479864467,275.71511609681664
FY1C_009,<Time tt=2461162.250800741>,-5316.9353592494945,4753.204754514686,-2202.3282542590173
FY1C_009,<Time tt=2461162.2924674074>,6745.318014865108,-5512.762911246034,307.2447862791489
FY1C_009,<Time tt=2461162.334134074>,-5310.4358915102985,4747.47003516398,-2246.3393219449913
FY1C_009,<Time tt=2461162.375800741>,6744.179070509403,-5506.664479152976,338.79949762265437
FY1C_009,<Time tt=2461162.4174674074>,-5303.7676250345485,4741.605812136467,-2290.2652579462256
FY1C_009,<Time tt=2461162.459134074>,6742.91125836834,-5500.480294579668,370.37888018900827
FY1C_009,<Time tt=2461162.500800741>,-5296.93096528188,4735.612979609037,-2334.104633470453
FY1C_009,<Time tt=2461162.5424674074>,6741.514047021914,-5494.21046859339,401.98256002279487
FY1C_009,<Time tt=2461162.584134074>,-5289.926327147733,4729.492437220386,-2377.8560324268633
FY1C_009,<Time tt=2461162.625800741>,6739.986903792486,-5487.855112348016,433.6101591023963
FY1C_009,<Time tt=2461162.6674674074>,-5282.754134817522,4723.245089897734,-2421.518051501951
FY1C_009,<Time tt=2461162.709134074>,6738.329294762207,-5481.41433709389,465.2612952891258
FY1C_009,<Time tt=2461162.750800741>,-5275.41482161755,4716.871847688115,-2465.0893002282614
FY1C_009,<Time tt=2461162.7924674074>,6736.540684788104,-5474.888254191833,496.9355822733948
FY1C_009,<Time tt=2461162.834134074>,-5267.908829866962,4710.373625587827,-2508.5684010513387
FY1C_009,<Time tt=2461162.875800741>,6734.620537520307,-5468.276975123457,528.6326295252758
FY1C_009,<Time tt=2461162.9174674074>,-5260.236610729916,4703.751343371978,-2551.9539893918395
FY1C_009,<Time tt=2461162.959134074>,6732.568315417476,-5461.5806115067835,560.3520422393765
FY1C_009,<Time tt=2461163.000800741>,-5252.398624065244,4697.005925427438,-2595.244713703141
FY1C_009,<Time tt=2461163.0424674074>,6730.383479766311,-5454.799275106361,592.093421286816
FY1C_009,<Time tt=2461163.084134074>,-5244.395338278308,4690.138300583044,-2638.4392355265595
FY1C_009,<Time tt=2461163.125800741>,6728.065490699841,-5447.9330778476915,623.8563631577987
FY1C_009,<Time tt=2461163.1674674074>,-5236.227230171018,4683.1494019438305,-2681.536229539189
FY1C_009,<Time tt=2461163.209134074>,6725.6138072157055,-5440.98213183053,655.6404599136041
FY1C_009,<Time tt=2461163.250800741>,-5227.89478479193,4676.040166723133,-2724.5343836043266
FY1C_009,<Time tt=2461163.2924674074>,6723.027887196829,-5433.946549341924,687.4452991309406
FY1C_009,<Time tt=2461163.334134074>,-5219.398495285924,4668.811536078908,-2767.4323988106894
FY1C_009,<Time tt=2461163.375800741>,6720.307187431049,-5426.826442870689,719.2704638490778
FY1C_009,<Time tt=2461163.4174674074>,-5210.738862745579,4661.464454947187,-2810.2289895124372
FY1C_009,<Time tt=2461163.459134074>,6717.451163631383,-5419.621925121819,751.115532518735
FY1C_009,<Time tt=2461163.500800741>,-5201.916396059747,4653.999871879572,-2852.922883365268
FY1C_009,<Time tt=2461163.5424674074>,6714.4592704595325,-5412.3331090291085,782.9800789448286
FY1C_009,<Time tt=2461163.584134074>,-5192.9316117651715,4646.418738879319,-2895.5128213566118
FY1C_009,<Time tt=2461163.625800741>,6711.330961545404,-5404.960107772033,814.86367223675
FY1C_009,<Time tt=2461163.6674674074>,-5183.785033894649,4638.722011241554,-2937.997557834503
FY1C_009,<Time tt=2461163.709134074>,6708.065689511306,-5397.503034789147,846.7658767526652
FY1C_009,<Time tt=2461163.750800741>,-5174.477193829266,4630.910647391103,-2980.3758605304592
FY1C_009,<Time tt=2461163.7924674074>,6704.662905995945,-5389.962003792499,878.686252045115
FY1C_009,<Time tt=2461163.834134074>,-5165.008630147686,4622.985608723816,-3022.64651058148
FY1C_009,<Time tt=2461163.875800741>,6701.12206167594,-5382.337128785517,910.6243528087426
FY1C_009,<Time tt=2461163.9174674074>,-5155.379888477825,4614.947859447694,-3064.8083025462524
FY1C_009,<Time tt=2461163.959134074>,6697.442606293378,-5374.628524075599,942.5797288237708
FY1C_010,<Time tt=2461161.500800741>,-7059.046105479781,-1961.4497621335051,-3584.24457306906
FY1C_010,<Time tt=2461161.5424674074>,7621.022079058488,2625.533756497122,1170.9040060994187
FY1C_010,<Time tt=2461161.584134074>,-7167.23151164787,-2077.3305322680467,-3225.1640806835376
FY1C_010,<Time tt=2461161.625800741>,7664.588415269846,2721.595742402795,793.5727299747583
FY1C_010,<Time tt=2461161.6674674074>,-7258.409029850921,-2188.506512470036,-2858.8879958014386
FY1C_010,<Time tt=2461161.709134074>,7690.3838948179,2811.4869321256506,414.4745910663711
FY1C_010,<Time tt=2461161.750800741>,-7332.243930424796,-2294.641201600105,-2486.2180679061707
FY1C_010,<Time tt=2461161.7924674074>,7698.547880788942,2895.0299783350692,34.49142613636503
FY1C_010,<Time tt=2461161.834134074>,-7388.437758853168,-2395.404471718227,-2107.984506513726
FY1C_010,<Time tt=2461161.875800741>,7689.257042741255,2972.0649164307692,-345.51082335416226
FY1C_010,<Time tt=2461161.9174674074>,-7426.730319198391,-2490.473751515784,-1725.0447780679901
FY1C_010,<Time tt=2461161.959134074>,7662.723515358468,3042.4489657213117,-724.683521413691
FY1C_010,<Time tt=2461162.000800741>,-7446.9016455885085,-2579.5352557636693,-1338.2822167293168
FY1C_010,<Time tt=2461162.0424674074>,7619.193070298995,3106.056294702986,-1102.1965952230562
FY1C_010,<Time tt=2461162.084134074>,-7448.773945868318,-2662.285256542574,-948.6044396116276
FY1C_010,<Time tt=2461162.125800741>,7558.943310773084,3162.7777557036984,-1477.2396489925452
FY1C_010,<Time tt=2461162.1674674074>,-7432.213499948809,-2738.43139103832,-556.941558217378
FY1C_010,<Time tt=2461162.209134074>,7482.281897060803,3212.520593803884,-1849.022942925045
FY1C_010,<Time tt=2461162.250800741>,-7397.132493883174,-2807.6939996667415,-164.24417932332747
FY1C_010,<Time tt=2461162.2924674074>,7389.544809939538,3255.208134576868,-2216.778246407192
FY1C_010,<Time tt=2461162.334134074>,-7343.490769314377,-2869.807487239119,228.5188096488527
FY1C_010,<Time tt=2461162.375800741>,7281.0946578115945,3290.7794548476336,-2579.759574612264
FY1C_010,<Time tt=2461162.4174674074>,-7271.297466719454,-2924.5216988150783,620.362673658224
FY1C_010,<Time tt=2461162.459134074>,7157.319032248165,3319.189040278834,-2937.2438176470982
FY1C_010,<Time tt=2461162.500800741>,-7180.612539862321,-2971.6033008475074,1010.2894819795772
FY1C_010,<Time tt=2461162.5424674074>,7018.628915656987,3340.406433254038,-3288.531271244743
FY1C_010,<Time tt=2461162.584134074>,-7071.548118123587,-3010.837157197372,1397.2909768987681
FY1C_010,<Time tt=2461162.625800741>,6865.457143878581,3354.4158741603,-3632.946077784494
FY1C_010,<Time tt=2461162.6674674074>,-6944.26969292602,-3042.027688660145,1780.351654134231
FY1C_010,<Time tt=2461162.709134074>,6698.256925678767,3361.2159388478917,-3969.836586162855
FY1C_010,<Time tt=2461162.750800741>,-6798.997104400952,-3065.0002037604813,2158.4520468030923
FY1C_010,<Time tt=2461162.7924674074>,6517.500420380518,3360.8191747037604,-4298.575638693611
FY1C_010,<Time tt=2461162.834134074>,-6636.005304745572,-3079.6021878478787,2530.572201459427
FY1C_010,<Time tt=2461162.875800741>,6323.677374194529,3353.251737484162,-4618.560792891958
FY1C_010,<Time tt=2461162.9174674074>,-6455.624875470524,-3085.704536917657,2895.6953313109752
FY1C_010,<Time tt=2461162.959134074>,6117.293815246884,3338.553030742159,-4929.214485578396
FY1C_010,<Time tt=2461163.000800741>,-6258.2422769561435,-3083.202722159817,3252.8116282211345
FY1C_010,<Time tt=2461163.0424674074>,5898.870806762755,3316.775349433065,-5229.984146366048
FY1C_010,<Time tt=2461163.084134074>,-6044.299810419799,-3072.017871034598,3600.922211644769
FY1C_010,<Time tt=2461163.125800741>,5668.943257445219,3287.983529005686,-5520.342267152474
FY1C_010,<Time tt=2461163.1674674074>,-5814.295274581898,-3052.0977506675517,3939.043189274444
FY1C_010,<Time tt=2461163.209134074>,5428.058787675935,3252.2546010649453,-5799.786433847808
FY1C_010,<Time tt=2461163.250800741>,-5568.781301973894,-3023.4176396286707,4266.2098009713345
FY1C_010,<Time tt=2461163.2924674074>,5176.776649854474,3209.6774564673656,-6067.839326128509
FY1C_010,<Time tt=2461163.334134074>,-5308.364362954756,-2985.981074663165,4581.480614630881
FY1C_010,<Time tt=2461163.375800741>,4915.666700902438,3160.3525165077426,-6324.048690610347
FY1C_010,<Time tt=2461163.4174674074>,-5033.703429025745,-2939.8204597379745,4883.94174006643
FY1C_010,<Time tt=2461163.459134074>,4645.308424725994,3104.3914126734176,-6567.987292424599
FY1C_010,<Time tt=2461163.500800741>,-4745.508290946579,-2884.9975258040236,5172.711024852643
FY1C_010,<Time tt=2461163.5424674074>,4366.290002239926,3041.9166752723536,-6799.252849786623
FY1C_010,<Time tt=2461163.584134074>,-4444.537531344241,-2821.603630995929,5446.942194453185
FY1C_010,<Time tt=2461163.625800741>,4079.207426395864,2973.0614310804144,-7017.4679557722775
FY1C_010,<Time tt=2461163.6674674074>,-4131.59615594087,-2749.759892534495,5705.828897902539
FY1C_010,<Time tt=2461163.709134074>,3784.663659521549,2897.969110018727,-7222.279991153482
FY1C_010,<Time tt=2461163.750800741>,-3807.53289205354,-2669.61714337806,5948.608619909328
FY1C_010,<Time tt=2461163.7924674074>,3483.267830226904,2816.7931607458927,-7413.361031765626
FY1C_010,<Time tt=2461163.834134074>,-3473.23716763032,-2581.355708625661,6174.566420474372
FY1C_010,<Time tt=2461163.875800741>,3175.6344669136224,2729.696774893818,-7590.407753642885
FY1C_010,<Time tt=2461163.9174674074>,-3129.6357885328944,-2485.184998782017,6383.038464086686
FY1C_010,<Time tt=2461163.959134074>,2862.382765118959,2636.852619643042,-7753.141338663429
